"Emeryville, CA"
"Belmont, CA"
"San Francisco, CA","San Francisco, CA","San Francisco, CA","San Francisco, CA","San Francisco, CA","San Jose, CA","San Francisco, CA"
"San Francisco, CA","San Francisco, CA","San Francisco, CA","San Francisco, CA","San Francisco, CA","San Jose, CA","San Francisco, CA"
"San Francisco, CA","San Francisco, CA","San Francisco, CA","San Francisco, CA"
"San Francisco, CA","San Francisco, CA","San Francisco, CA","San Francisco, CA","San Francisco, CA"
"San Francisco, CA","San Francisco, CA","San Francisco, CA"
"San Francisco, CA","San Francisco, CA","San Francisco, CA","San Francisco, CA"
"San Francisco, CA","San Francisco, CA","Oakland, CA"
"Livermore, CA"
"San Francisco, CA","San Francisco, CA","San Francisco, CA"
"San Francisco, CA","San Francisco, CA","San Francisco, CA"
"San Francisco, CA","San Francisco, CA","San Francisco, CA","San Francisco, CA","San Francisco, CA","Brooklyn, NY","Walnut Creek, CA","San Francisco, CA","Alameda, CA","Oakland, CA","San Francisco, CA","San Francisco, CA","San Bruno, CA","Mountain View, CA"
"San Mateo, CA","San Francisco, CA","San Bruno, CA"
"Half Moon Bay, CA","San Ramon, CA"
"San Francisco, CA","New York, NY","San Francisco, CA","Mountain View, CA"
"San Francisco, CA","San Francisco, CA","San Francisco, CA","San Francisco, CA"
"San Francisco, CA","San Francisco, CA","San Francisco, CA","San Francisco, CA","San Francisco, CA","San Francisco, CA","San Francisco, CA","San Francisco, CA"
"Pleasanton, CA"
"San Francisco, CA","Los Altos, CA","San Francisco, CA","San Francisco, CA","Brooklyn, NY","San Francisco, CA","Long Island City, NY"
"San Francisco, CA","San Francisco, CA","San Francisco, CA"
"San Francisco, CA","San Carlos, CA"
"Austin, TX"
"Roseville, CA"
"San Francisco, CA","Redwood City, CA","Dawsonville, GA"
"San Mateo, CA","Sunnyvale, CA","Mountain View, CA","San Jose, CA"
